AD; 1; 2009-01-01; 2009-01-07; 1111111; SEA; MSP; 07:07; 10:30; 03:23; Y; 100; 0; Y; YHKMVQ;
AD; 2; 2009-01-01; 2009-01-07; 1111111; OLM; MSP; 07:04; 10:30; 03:26; Y; 100; 0; Y; YHKMVQ;
AD; 3; 2009-01-01; 2009-01-07; 1111111; GEG; MSP; 07:31; 10:30; 02:59; Y; 100; 0; Y; YHKMVQ;
AD; 4; 2009-01-01; 2009-01-07; 1111111; FCA; MSP; 07:43; 10:30; 02:47; Y; 100; 0; Y; YHKMVQ;
AD; 5; 2009-01-01; 2009-01-07; 1111111; EUG; MSP; 06:57; 10:30; 03:33; Y; 100; 0; Y; YHKMVQ;
AD; 6; 2009-01-01; 2009-01-07; 1111111; BOI; MSP; 07:36; 10:30; 02:54; Y; 100; 0; Y; YHKMVQ;
AD; 7; 2009-01-01; 2009-01-07; 1111111; RWL; MSP; 08:18; 10:30; 02:12; Y; 100; 0; Y; YHKMVQ;
AD; 8; 2009-01-01; 2009-01-07; 1111111; SLC; MSP; 07:52; 10:30; 02:38; Y; 100; 0; Y; YHKMVQ;
AD; 9; 2009-01-01; 2009-01-07; 1111111; SFO; MSP; 06:46; 10:30; 03:44; Y; 100; 0; Y; YHKMVQ;
AD; 10; 2009-01-01; 2009-01-07; 1111111; FAT; MSP; 06:56; 10:30; 03:34; Y; 100; 0; Y; YHKMVQ;
AD; 11; 2009-01-01; 2009-01-07; 1111111; DEN; MSP; 08:27; 10:30; 02:03; Y; 100; 0; Y; YHKMVQ;
AD; 12; 2009-01-01; 2009-01-07; 1111111; LAS; MSP; 07:18; 10:30; 03:12; Y; 100; 0; Y; YHKMVQ;
AD; 13; 2009-01-01; 2009-01-07; 1111111; ABQ; MSP; 07:54; 10:30; 02:36; Y; 100; 0; Y; YHKMVQ;
AD; 14; 2009-01-01; 2009-01-07; 1111111; BUR; MSP; 06:52; 10:30; 03:38; Y; 100; 0; Y; YHKMVQ;
AD; 15; 2009-01-01; 2009-01-07; 1111111; PHX; MSP; 07:17; 10:30; 03:13; Y; 100; 0; Y; YHKMVQ;
AD; 16; 2009-01-01; 2009-01-07; 1111111; LAX; MSP; 06:52; 10:30; 03:38; Y; 100; 0; Y; YHKMVQ;
AD; 17; 2009-01-01; 2009-01-07; 1111111; SAN; MSP; 06:52; 10:30; 03:38; Y; 100; 0; Y; YHKMVQ;
AD; 18; 2009-01-01; 2009-01-07; 1111111; TUS; MSP; 07:17; 10:30; 03:13; Y; 100; 0; Y; YHKMVQ;
AD; 19; 2009-01-01; 2009-01-07; 1111111; AUS; MSP; 07:48; 10:30; 02:42; Y; 100; 0; Y; YHKMVQ;
AD; 20; 2009-01-01; 2009-01-07; 1111111; IAH; MSP; 07:46; 10:30; 02:44; Y; 100; 0; Y; YHKMVQ;
AD; 21; 2009-01-01; 2009-01-07; 1111111; DFW; MSP; 08:08; 10:30; 02:22; Y; 100; 0; Y; YHKMVQ;
AD; 22; 2009-01-01; 2009-01-07; 1111111; SEA; MSP; 10:37; 14:00; 03:23; Y; 100; 0; Y; YHKMVQ;
AD; 23; 2009-01-01; 2009-01-07; 1111111; OLM; MSP; 10:34; 14:00; 03:26; Y; 100; 0; Y; YHKMVQ;
AD; 24; 2009-01-01; 2009-01-07; 1111111; GEG; MSP; 11:01; 14:00; 02:59; Y; 100; 0; Y; YHKMVQ;
AD; 25; 2009-01-01; 2009-01-07; 1111111; FCA; MSP; 11:13; 14:00; 02:47; Y; 100; 0; Y; YHKMVQ;
AD; 26; 2009-01-01; 2009-01-07; 1111111; EUG; MSP; 10:27; 14:00; 03:33; Y; 100; 0; Y; YHKMVQ;
AD; 27; 2009-01-01; 2009-01-07; 1111111; BOI; MSP; 11:06; 14:00; 02:54; Y; 100; 0; Y; YHKMVQ;
AD; 28; 2009-01-01; 2009-01-07; 1111111; RWL; MSP; 11:48; 14:00; 02:12; Y; 100; 0; Y; YHKMVQ;
AD; 29; 2009-01-01; 2009-01-07; 1111111; SLC; MSP; 11:22; 14:00; 02:38; Y; 100; 0; Y; YHKMVQ;
AD; 30; 2009-01-01; 2009-01-07; 1111111; SFO; MSP; 10:16; 14:00; 03:44; Y; 100; 0; Y; YHKMVQ;
AD; 31; 2009-01-01; 2009-01-07; 1111111; FAT; MSP; 10:26; 14:00; 03:34; Y; 100; 0; Y; YHKMVQ;
AD; 32; 2009-01-01; 2009-01-07; 1111111; DEN; MSP; 11:57; 14:00; 02:03; Y; 100; 0; Y; YHKMVQ;
AD; 33; 2009-01-01; 2009-01-07; 1111111; LAS; MSP; 10:48; 14:00; 03:12; Y; 100; 0; Y; YHKMVQ;
AD; 34; 2009-01-01; 2009-01-07; 1111111; ABQ; MSP; 11:24; 14:00; 02:36; Y; 100; 0; Y; YHKMVQ;
AD; 35; 2009-01-01; 2009-01-07; 1111111; BUR; MSP; 10:22; 14:00; 03:38; Y; 100; 0; Y; YHKMVQ;
AD; 36; 2009-01-01; 2009-01-07; 1111111; PHX; MSP; 10:47; 14:00; 03:13; Y; 100; 0; Y; YHKMVQ;
AD; 37; 2009-01-01; 2009-01-07; 1111111; LAX; MSP; 10:22; 14:00; 03:38; Y; 100; 0; Y; YHKMVQ;
AD; 38; 2009-01-01; 2009-01-07; 1111111; SAN; MSP; 10:22; 14:00; 03:38; Y; 100; 0; Y; YHKMVQ;
AD; 39; 2009-01-01; 2009-01-07; 1111111; TUS; MSP; 10:47; 14:00; 03:13; Y; 100; 0; Y; YHKMVQ;
AD; 40; 2009-01-01; 2009-01-07; 1111111; AUS; MSP; 11:18; 14:00; 02:42; Y; 100; 0; Y; YHKMVQ;
AD; 41; 2009-01-01; 2009-01-07; 1111111; IAH; MSP; 11:16; 14:00; 02:44; Y; 100; 0; Y; YHKMVQ;
AD; 42; 2009-01-01; 2009-01-07; 1111111; DFW; MSP; 11:38; 14:00; 02:22; Y; 100; 0; Y; YHKMVQ;
AD; 43; 2009-01-01; 2009-01-07; 1111111; SEA; MSP; 14:07; 17:30; 03:23; Y; 100; 0; Y; YHKMVQ;
AD; 44; 2009-01-01; 2009-01-07; 1111111; OLM; MSP; 14:04; 17:30; 03:26; Y; 100; 0; Y; YHKMVQ;
AD; 45; 2009-01-01; 2009-01-07; 1111111; GEG; MSP; 14:31; 17:30; 02:59; Y; 100; 0; Y; YHKMVQ;
AD; 46; 2009-01-01; 2009-01-07; 1111111; FCA; MSP; 14:43; 17:30; 02:47; Y; 100; 0; Y; YHKMVQ;
AD; 47; 2009-01-01; 2009-01-07; 1111111; EUG; MSP; 13:57; 17:30; 03:33; Y; 100; 0; Y; YHKMVQ;
AD; 48; 2009-01-01; 2009-01-07; 1111111; BOI; MSP; 14:36; 17:30; 02:54; Y; 100; 0; Y; YHKMVQ;
AD; 49; 2009-01-01; 2009-01-07; 1111111; RWL; MSP; 15:18; 17:30; 02:12; Y; 100; 0; Y; YHKMVQ;
AD; 50; 2009-01-01; 2009-01-07; 1111111; SLC; MSP; 14:52; 17:30; 02:38; Y; 100; 0; Y; YHKMVQ;
AD; 51; 2009-01-01; 2009-01-07; 1111111; SFO; MSP; 13:46; 17:30; 03:44; Y; 100; 0; Y; YHKMVQ;
AD; 52; 2009-01-01; 2009-01-07; 1111111; FAT; MSP; 13:56; 17:30; 03:34; Y; 100; 0; Y; YHKMVQ;
AD; 53; 2009-01-01; 2009-01-07; 1111111; DEN; MSP; 15:27; 17:30; 02:03; Y; 100; 0; Y; YHKMVQ;
AD; 54; 2009-01-01; 2009-01-07; 1111111; LAS; MSP; 14:18; 17:30; 03:12; Y; 100; 0; Y; YHKMVQ;
AD; 55; 2009-01-01; 2009-01-07; 1111111; ABQ; MSP; 14:54; 17:30; 02:36; Y; 100; 0; Y; YHKMVQ;
AD; 56; 2009-01-01; 2009-01-07; 1111111; BUR; MSP; 13:52; 17:30; 03:38; Y; 100; 0; Y; YHKMVQ;
AD; 57; 2009-01-01; 2009-01-07; 1111111; PHX; MSP; 14:17; 17:30; 03:13; Y; 100; 0; Y; YHKMVQ;
AD; 58; 2009-01-01; 2009-01-07; 1111111; LAX; MSP; 13:52; 17:30; 03:38; Y; 100; 0; Y; YHKMVQ;
AD; 59; 2009-01-01; 2009-01-07; 1111111; SAN; MSP; 13:52; 17:30; 03:38; Y; 100; 0; Y; YHKMVQ;
AD; 60; 2009-01-01; 2009-01-07; 1111111; TUS; MSP; 14:17; 17:30; 03:13; Y; 100; 0; Y; YHKMVQ;
AD; 61; 2009-01-01; 2009-01-07; 1111111; AUS; MSP; 14:48; 17:30; 02:42; Y; 100; 0; Y; YHKMVQ;
AD; 62; 2009-01-01; 2009-01-07; 1111111; IAH; MSP; 14:46; 17:30; 02:44; Y; 100; 0; Y; YHKMVQ;
AD; 63; 2009-01-01; 2009-01-07; 1111111; DFW; MSP; 15:08; 17:30; 02:22; Y; 100; 0; Y; YHKMVQ;
AL; 64; 2009-01-01; 2009-01-07; 1111111; SEA; DFW; 06:35; 10:30; 03:55; Y; 100; 0; Y; YHKMVQ;
AL; 65; 2009-01-01; 2009-01-07; 1111111; OLM; DFW; 06:40; 10:30; 03:50; Y; 100; 0; Y; YHKMVQ;
AL; 66; 2009-01-01; 2009-01-07; 1111111; GEG; DFW; 06:56; 10:30; 03:34; Y; 100; 0; Y; YHKMVQ;
AL; 67; 2009-01-01; 2009-01-07; 1111111; FCA; DFW; 07:07; 10:30; 03:23; Y; 100; 0; Y; YHKMVQ;
AL; 68; 2009-01-01; 2009-01-07; 1111111; EUG; DFW; 06:41; 10:30; 03:49; Y; 100; 0; Y; YHKMVQ;
AL; 69; 2009-01-01; 2009-01-07; 1111111; BOI; DFW; 07:18; 10:30; 03:12; Y; 100; 0; Y; YHKMVQ;
AL; 70; 2009-01-01; 2009-01-07; 1111111; RWL; DFW; 08:10; 10:30; 02:20; Y; 100; 0; Y; YHKMVQ;
AL; 71; 2009-01-01; 2009-01-07; 1111111; SLC; DFW; 07:52; 10:30; 02:38; Y; 100; 0; Y; YHKMVQ;
AL; 72; 2009-01-01; 2009-01-07; 1111111; SFO; DFW; 06:56; 10:30; 03:34; Y; 100; 0; Y; YHKMVQ;
AL; 73; 2009-01-01; 2009-01-07; 1111111; FAT; DFW; 07:14; 10:30; 03:16; Y; 100; 0; Y; YHKMVQ;
AL; 74; 2009-01-01; 2009-01-07; 1111111; DEN; DFW; 08:31; 10:30; 01:59; Y; 100; 0; Y; YHKMVQ;
AL; 75; 2009-01-01; 2009-01-07; 1111111; LAS; DFW; 07:42; 10:30; 02:48; Y; 100; 0; Y; YHKMVQ;
AL; 76; 2009-01-01; 2009-01-07; 1111111; ABQ; DFW; 08:38; 10:30; 01:52; Y; 100; 0; Y; YHKMVQ;
AL; 77; 2009-01-01; 2009-01-07; 1111111; BUR; DFW; 07:21; 10:30; 03:09; Y; 100; 0; Y; YHKMVQ;
AL; 78; 2009-01-01; 2009-01-07; 1111111; PHX; DFW; 08:09; 10:30; 02:21; Y; 100; 0; Y; YHKMVQ;
AL; 79; 2009-01-01; 2009-01-07; 1111111; LAX; DFW; 07:26; 10:30; 03:04; Y; 100; 0; Y; YHKMVQ;
AL; 80; 2009-01-01; 2009-01-07; 1111111; SAN; DFW; 07:29; 10:30; 03:01; Y; 100; 0; Y; YHKMVQ;
AL; 81; 2009-01-01; 2009-01-07; 1111111; TUS; DFW; 08:11; 10:30; 02:19; Y; 100; 0; Y; YHKMVQ;
AL; 82; 2009-01-01; 2009-01-07; 1111111; AUS; DFW; 09:24; 10:30; 01:06; Y; 100; 0; Y; YHKMVQ;
AL; 83; 2009-01-01; 2009-01-07; 1111111; IAH; DFW; 09:16; 10:30; 01:14; Y; 100; 0; Y; YHKMVQ;
AL; 84; 2009-01-01; 2009-01-07; 1111111; MSP; DFW; 08:08; 10:30; 02:22; Y; 100; 0; Y; YHKMVQ;
AL; 85; 2009-01-01; 2009-01-07; 1111111; SEA; DFW; 10:05; 14:00; 03:55; Y; 100; 0; Y; YHKMVQ;
AL; 86; 2009-01-01; 2009-01-07; 1111111; OLM; DFW; 10:10; 14:00; 03:50; Y; 100; 0; Y; YHKMVQ;
AL; 87; 2009-01-01; 2009-01-07; 1111111; GEG; DFW; 10:26; 14:00; 03:34; Y; 100; 0; Y; YHKMVQ;
AL; 88; 2009-01-01; 2009-01-07; 1111111; FCA; DFW; 10:37; 14:00; 03:23; Y; 100; 0; Y; YHKMVQ;
AL; 89; 2009-01-01; 2009-01-07; 1111111; EUG; DFW; 10:11; 14:00; 03:49; Y; 100; 0; Y; YHKMVQ;
AL; 90; 2009-01-01; 2009-01-07; 1111111; BOI; DFW; 10:48; 14:00; 03:12; Y; 100; 0; Y; YHKMVQ;
AL; 91; 2009-01-01; 2009-01-07; 1111111; RWL; DFW; 11:40; 14:00; 02:20; Y; 100; 0; Y; YHKMVQ;
AL; 92; 2009-01-01; 2009-01-07; 1111111; SLC; DFW; 11:22; 14:00; 02:38; Y; 100; 0; Y; YHKMVQ;
AL; 93; 2009-01-01; 2009-01-07; 1111111; SFO; DFW; 10:26; 14:00; 03:34; Y; 100; 0; Y; YHKMVQ;
AL; 94; 2009-01-01; 2009-01-07; 1111111; FAT; DFW; 10:44; 14:00; 03:16; Y; 100; 0; Y; YHKMVQ;
AL; 95; 2009-01-01; 2009-01-07; 1111111; DEN; DFW; 12:01; 14:00; 01:59; Y; 100; 0; Y; YHKMVQ;
AL; 96; 2009-01-01; 2009-01-07; 1111111; LAS; DFW; 11:12; 14:00; 02:48; Y; 100; 0; Y; YHKMVQ;
AL; 97; 2009-01-01; 2009-01-07; 1111111; ABQ; DFW; 12:08; 14:00; 01:52; Y; 100; 0; Y; YHKMVQ;
AL; 98; 2009-01-01; 2009-01-07; 1111111; BUR; DFW; 10:51; 14:00; 03:09; Y; 100; 0; Y; YHKMVQ;
AL; 99; 2009-01-01; 2009-01-07; 1111111; PHX; DFW; 11:39; 14:00; 02:21; Y; 100; 0; Y; YHKMVQ;
AL; 100; 2009-01-01; 2009-01-07; 1111111; LAX; DFW; 10:56; 14:00; 03:04; Y; 100; 0; Y; YHKMVQ;
AL; 101; 2009-01-01; 2009-01-07; 1111111; SAN; DFW; 10:59; 14:00; 03:01; Y; 100; 0; Y; YHKMVQ;
AL; 102; 2009-01-01; 2009-01-07; 1111111; TUS; DFW; 11:41; 14:00; 02:19; Y; 100; 0; Y; YHKMVQ;
AL; 103; 2009-01-01; 2009-01-07; 1111111; AUS; DFW; 12:54; 14:00; 01:06; Y; 100; 0; Y; YHKMVQ;
AL; 104; 2009-01-01; 2009-01-07; 1111111; IAH; DFW; 12:46; 14:00; 01:14; Y; 100; 0; Y; YHKMVQ;
AL; 105; 2009-01-01; 2009-01-07; 1111111; MSP; DFW; 11:38; 14:00; 02:22; Y; 100; 0; Y; YHKMVQ;
AL; 106; 2009-01-01; 2009-01-07; 1111111; SEA; DFW; 13:35; 17:30; 03:55; Y; 100; 0; Y; YHKMVQ;
AL; 107; 2009-01-01; 2009-01-07; 1111111; OLM; DFW; 13:40; 17:30; 03:50; Y; 100; 0; Y; YHKMVQ;
AL; 108; 2009-01-01; 2009-01-07; 1111111; GEG; DFW; 13:56; 17:30; 03:34; Y; 100; 0; Y; YHKMVQ;
AL; 109; 2009-01-01; 2009-01-07; 1111111; FCA; DFW; 14:07; 17:30; 03:23; Y; 100; 0; Y; YHKMVQ;
AL; 110; 2009-01-01; 2009-01-07; 1111111; EUG; DFW; 13:41; 17:30; 03:49; Y; 100; 0; Y; YHKMVQ;
AL; 111; 2009-01-01; 2009-01-07; 1111111; BOI; DFW; 14:18; 17:30; 03:12; Y; 100; 0; Y; YHKMVQ;
AL; 112; 2009-01-01; 2009-01-07; 1111111; RWL; DFW; 15:10; 17:30; 02:20; Y; 100; 0; Y; YHKMVQ;
AL; 113; 2009-01-01; 2009-01-07; 1111111; SLC; DFW; 14:52; 17:30; 02:38; Y; 100; 0; Y; YHKMVQ;
AL; 114; 2009-01-01; 2009-01-07; 1111111; SFO; DFW; 13:56; 17:30; 03:34; Y; 100; 0; Y; YHKMVQ;
AL; 115; 2009-01-01; 2009-01-07; 1111111; FAT; DFW; 14:14; 17:30; 03:16; Y; 100; 0; Y; YHKMVQ;
AL; 116; 2009-01-01; 2009-01-07; 1111111; DEN; DFW; 15:31; 17:30; 01:59; Y; 100; 0; Y; YHKMVQ;
AL; 117; 2009-01-01; 2009-01-07; 1111111; LAS; DFW; 14:42; 17:30; 02:48; Y; 100; 0; Y; YHKMVQ;
AL; 118; 2009-01-01; 2009-01-07; 1111111; ABQ; DFW; 15:38; 17:30; 01:52; Y; 100; 0; Y; YHKMVQ;
AL; 119; 2009-01-01; 2009-01-07; 1111111; BUR; DFW; 14:21; 17:30; 03:09; Y; 100; 0; Y; YHKMVQ;
AL; 120; 2009-01-01; 2009-01-07; 1111111; PHX; DFW; 15:09; 17:30; 02:21; Y; 100; 0; Y; YHKMVQ;
AL; 121; 2009-01-01; 2009-01-07; 1111111; LAX; DFW; 14:26; 17:30; 03:04; Y; 100; 0; Y; YHKMVQ;
AL; 122; 2009-01-01; 2009-01-07; 1111111; SAN; DFW; 14:29; 17:30; 03:01; Y; 100; 0; Y; YHKMVQ;
AL; 123; 2009-01-01; 2009-01-07; 1111111; TUS; DFW; 15:11; 17:30; 02:19; Y; 100; 0; Y; YHKMVQ;
AL; 124; 2009-01-01; 2009-01-07; 1111111; AUS; DFW; 16:24; 17:30; 01:06; Y; 100; 0; Y; YHKMVQ;
AL; 125; 2009-01-01; 2009-01-07; 1111111; IAH; DFW; 16:16; 17:30; 01:14; Y; 100; 0; Y; YHKMVQ;
AL; 126; 2009-01-01; 2009-01-07; 1111111; MSP; DFW; 15:08; 17:30; 02:22; Y; 100; 0; Y; YHKMVQ;
AD; 127; 2009-01-01; 2009-01-07; 1111111; MSP; BTV; 11:30; 14:05; 02:35; Y; 100; 0; Y; YHKMVQ;
AD; 128; 2009-01-01; 2009-01-07; 1111111; MSP; UIN; 11:30; 12:55; 01:25; Y; 100; 0; Y; YHKMVQ;
AD; 129; 2009-01-01; 2009-01-07; 1111111; MSP; MKE; 11:30; 12:47; 01:17; Y; 100; 0; Y; YHKMVQ;
AD; 130; 2009-01-01; 2009-01-07; 1111111; MSP; DTW; 11:30; 13:13; 01:43; Y; 100; 0; Y; YHKMVQ;
AD; 131; 2009-01-01; 2009-01-07; 1111111; MSP; BOS; 11:30; 14:19; 02:49; Y; 100; 0; Y; YHKMVQ;
AD; 132; 2009-01-01; 2009-01-07; 1111111; MSP; EWR; 11:30; 14:07; 02:37; Y; 100; 0; Y; YHKMVQ;
AD; 133; 2009-01-01; 2009-01-07; 1111111; MSP; CLE; 11:30; 13:23; 01:53; Y; 100; 0; Y; YHKMVQ;
AD; 134; 2009-01-01; 2009-01-07; 1111111; MSP; ORD; 11:30; 12:53; 01:23; Y; 100; 0; Y; YHKMVQ;
AD; 135; 2009-01-01; 2009-01-07; 1111111; MSP; DAY; 11:30; 13:20; 01:50; Y; 100; 0; Y; YHKMVQ;
AD; 136; 2009-01-01; 2009-01-07; 1111111; MSP; PIT; 11:30; 13:36; 02:06; Y; 100; 0; Y; YHKMVQ;
AD; 137; 2009-01-01; 2009-01-07; 1111111; MSP; PHL; 11:30; 14:03; 02:33; Y; 100; 0; Y; YHKMVQ;
AD; 138; 2009-01-01; 2009-01-07; 1111111; MSP; CMI; 11:30; 13:05; 01:35; Y; 100; 0; Y; YHKMVQ;
AD; 139; 2009-01-01; 2009-01-07; 1111111; MSP; IAD; 11:30; 13:56; 02:26; Y; 100; 0; Y; YHKMVQ;
AD; 140; 2009-01-01; 2009-01-07; 1111111; MSP; CVG; 11:30; 13:20; 01:50; Y; 100; 0; Y; YHKMVQ;
AD; 141; 2009-01-01; 2009-01-07; 1111111; MSP; ORF; 11:30; 14:11; 02:41; Y; 100; 0; Y; YHKMVQ;
AD; 142; 2009-01-01; 2009-01-07; 1111111; MSP; ATL; 11:30; 13:55; 02:25; Y; 100; 0; Y; YHKMVQ;
AD; 143; 2009-01-01; 2009-01-07; 1111111; MSP; MSY; 11:30; 14:03; 02:33; Y; 100; 0; Y; YHKMVQ;
AD; 144; 2009-01-01; 2009-01-07; 1111111; MSP; STL; 11:30; 13:05; 01:35; Y; 100; 0; Y; YHKMVQ;
AD; 145; 2009-01-01; 2009-01-07; 1111111; MSP; TPA; 11:30; 14:41; 03:11; Y; 100; 0; Y; YHKMVQ;
AD; 146; 2009-01-01; 2009-01-07; 1111111; MSP; FOE; 11:30; 13:09; 01:39; Y; 100; 0; Y; YHKMVQ;
AD; 147; 2009-01-01; 2009-01-07; 1111111; MSP; DFW; 11:30; 13:52; 02:22; Y; 100; 0; Y; YHKMVQ;
AD; 148; 2009-01-01; 2009-01-07; 1111111; MSP; BTV; 15:00; 17:35; 02:35; Y; 100; 0; Y; YHKMVQ;
AD; 149; 2009-01-01; 2009-01-07; 1111111; MSP; UIN; 15:00; 16:25; 01:25; Y; 100; 0; Y; YHKMVQ;
AD; 150; 2009-01-01; 2009-01-07; 1111111; MSP; MKE; 15:00; 16:17; 01:17; Y; 100; 0; Y; YHKMVQ;
AD; 151; 2009-01-01; 2009-01-07; 1111111; MSP; DTW; 15:00; 16:43; 01:43; Y; 100; 0; Y; YHKMVQ;
AD; 152; 2009-01-01; 2009-01-07; 1111111; MSP; BOS; 15:00; 17:49; 02:49; Y; 100; 0; Y; YHKMVQ;
AD; 153; 2009-01-01; 2009-01-07; 1111111; MSP; EWR; 15:00; 17:37; 02:37; Y; 100; 0; Y; YHKMVQ;
AD; 154; 2009-01-01; 2009-01-07; 1111111; MSP; CLE; 15:00; 16:53; 01:53; Y; 100; 0; Y; YHKMVQ;
AD; 155; 2009-01-01; 2009-01-07; 1111111; MSP; ORD; 15:00; 16:23; 01:23; Y; 100; 0; Y; YHKMVQ;
AD; 156; 2009-01-01; 2009-01-07; 1111111; MSP; DAY; 15:00; 16:50; 01:50; Y; 100; 0; Y; YHKMVQ;
AD; 157; 2009-01-01; 2009-01-07; 1111111; MSP; PIT; 15:00; 17:06; 02:06; Y; 100; 0; Y; YHKMVQ;
AD; 158; 2009-01-01; 2009-01-07; 1111111; MSP; PHL; 15:00; 17:33; 02:33; Y; 100; 0; Y; YHKMVQ;
AD; 159; 2009-01-01; 2009-01-07; 1111111; MSP; CMI; 15:00; 16:35; 01:35; Y; 100; 0; Y; YHKMVQ;
AD; 160; 2009-01-01; 2009-01-07; 1111111; MSP; IAD; 15:00; 17:26; 02:26; Y; 100; 0; Y; YHKMVQ;
AD; 161; 2009-01-01; 2009-01-07; 1111111; MSP; CVG; 15:00; 16:50; 01:50; Y; 100; 0; Y; YHKMVQ;
AD; 162; 2009-01-01; 2009-01-07; 1111111; MSP; ORF; 15:00; 17:41; 02:41; Y; 100; 0; Y; YHKMVQ;
AD; 163; 2009-01-01; 2009-01-07; 1111111; MSP; ATL; 15:00; 17:25; 02:25; Y; 100; 0; Y; YHKMVQ;
AD; 164; 2009-01-01; 2009-01-07; 1111111; MSP; MSY; 15:00; 17:33; 02:33; Y; 100; 0; Y; YHKMVQ;
AD; 165; 2009-01-01; 2009-01-07; 1111111; MSP; STL; 15:00; 16:35; 01:35; Y; 100; 0; Y; YHKMVQ;
AD; 166; 2009-01-01; 2009-01-07; 1111111; MSP; TPA; 15:00; 18:11; 03:11; Y; 100; 0; Y; YHKMVQ;
AD; 167; 2009-01-01; 2009-01-07; 1111111; MSP; FOE; 15:00; 16:39; 01:39; Y; 100; 0; Y; YHKMVQ;
AD; 168; 2009-01-01; 2009-01-07; 1111111; MSP; DFW; 15:00; 17:22; 02:22; Y; 100; 0; Y; YHKMVQ;
AD; 169; 2009-01-01; 2009-01-07; 1111111; MSP; BTV; 18:30; 21:05; 02:35; Y; 100; 0; Y; YHKMVQ;
AD; 170; 2009-01-01; 2009-01-07; 1111111; MSP; UIN; 18:30; 19:55; 01:25; Y; 100; 0; Y; YHKMVQ;
AD; 171; 2009-01-01; 2009-01-07; 1111111; MSP; MKE; 18:30; 19:47; 01:17; Y; 100; 0; Y; YHKMVQ;
AD; 172; 2009-01-01; 2009-01-07; 1111111; MSP; DTW; 18:30; 20:13; 01:43; Y; 100; 0; Y; YHKMVQ;
AD; 173; 2009-01-01; 2009-01-07; 1111111; MSP; BOS; 18:30; 21:19; 02:49; Y; 100; 0; Y; YHKMVQ;
AD; 174; 2009-01-01; 2009-01-07; 1111111; MSP; EWR; 18:30; 21:07; 02:37; Y; 100; 0; Y; YHKMVQ;
AD; 175; 2009-01-01; 2009-01-07; 1111111; MSP; CLE; 18:30; 20:23; 01:53; Y; 100; 0; Y; YHKMVQ;
AD; 176; 2009-01-01; 2009-01-07; 1111111; MSP; ORD; 18:30; 19:53; 01:23; Y; 100; 0; Y; YHKMVQ;
AD; 177; 2009-01-01; 2009-01-07; 1111111; MSP; DAY; 18:30; 20:20; 01:50; Y; 100; 0; Y; YHKMVQ;
AD; 178; 2009-01-01; 2009-01-07; 1111111; MSP; PIT; 18:30; 20:36; 02:06; Y; 100; 0; Y; YHKMVQ;
AD; 179; 2009-01-01; 2009-01-07; 1111111; MSP; PHL; 18:30; 21:03; 02:33; Y; 100; 0; Y; YHKMVQ;
AD; 180; 2009-01-01; 2009-01-07; 1111111; MSP; CMI; 18:30; 20:05; 01:35; Y; 100; 0; Y; YHKMVQ;
AD; 181; 2009-01-01; 2009-01-07; 1111111; MSP; IAD; 18:30; 20:56; 02:26; Y; 100; 0; Y; YHKMVQ;
AD; 182; 2009-01-01; 2009-01-07; 1111111; MSP; CVG; 18:30; 20:20; 01:50; Y; 100; 0; Y; YHKMVQ;
AD; 183; 2009-01-01; 2009-01-07; 1111111; MSP; ORF; 18:30; 21:11; 02:41; Y; 100; 0; Y; YHKMVQ;
AD; 184; 2009-01-01; 2009-01-07; 1111111; MSP; ATL; 18:30; 20:55; 02:25; Y; 100; 0; Y; YHKMVQ;
AD; 185; 2009-01-01; 2009-01-07; 1111111; MSP; MSY; 18:30; 21:03; 02:33; Y; 100; 0; Y; YHKMVQ;
AD; 186; 2009-01-01; 2009-01-07; 1111111; MSP; STL; 18:30; 20:05; 01:35; Y; 100; 0; Y; YHKMVQ;
AD; 187; 2009-01-01; 2009-01-07; 1111111; MSP; TPA; 18:30; 21:41; 03:11; Y; 100; 0; Y; YHKMVQ;
AD; 188; 2009-01-01; 2009-01-07; 1111111; MSP; FOE; 18:30; 20:09; 01:39; Y; 100; 0; Y; YHKMVQ;
AD; 189; 2009-01-01; 2009-01-07; 1111111; MSP; DFW; 18:30; 20:52; 02:22; Y; 100; 0; Y; YHKMVQ;
AL; 190; 2009-01-01; 2009-01-07; 1111111; DFW; BTV; 11:30; 15:06; 03:36; Y; 100; 0; Y; YHKMVQ;
AL; 191; 2009-01-01; 2009-01-07; 1111111; DFW; UIN; 11:30; 13:20; 01:50; Y; 100; 0; Y; YHKMVQ;
AL; 192; 2009-01-01; 2009-01-07; 1111111; DFW; MKE; 11:30; 13:52; 02:22; Y; 100; 0; Y; YHKMVQ;
AL; 193; 2009-01-01; 2009-01-07; 1111111; DFW; DTW; 11:30; 14:09; 02:39; Y; 100; 0; Y; YHKMVQ;
AL; 194; 2009-01-01; 2009-01-07; 1111111; DFW; BOS; 11:30; 15:08; 03:38; Y; 100; 0; Y; YHKMVQ;
AL; 195; 2009-01-01; 2009-01-07; 1111111; DFW; EWR; 11:30; 14:52; 03:22; Y; 100; 0; Y; YHKMVQ;
AL; 196; 2009-01-01; 2009-01-07; 1111111; DFW; CLE; 11:30; 14:11; 02:41; Y; 100; 0; Y; YHKMVQ;
AL; 197; 2009-01-01; 2009-01-07; 1111111; DFW; ORD; 11:30; 13:46; 02:16; Y; 100; 0; Y; YHKMVQ;
AL; 198; 2009-01-01; 2009-01-07; 1111111; DFW; DAY; 11:30; 13:47; 02:17; Y; 100; 0; Y; YHKMVQ;
AL; 199; 2009-01-01; 2009-01-07; 1111111; DFW; PIT; 11:30; 14:16; 02:46; Y; 100; 0; Y; YHKMVQ;
AL; 200; 2009-01-01; 2009-01-07; 1111111; DFW; PHL; 11:30; 14:44; 03:14; Y; 100; 0; Y; YHKMVQ;
AL; 201; 2009-01-01; 2009-01-07; 1111111; DFW; CMI; 11:30; 13:33; 02:03; Y; 100; 0; Y; YHKMVQ;
AL; 202; 2009-01-01; 2009-01-07; 1111111; DFW; IAD; 11:30; 14:30; 03:00; Y; 100; 0; Y; YHKMVQ;
AL; 203; 2009-01-01; 2009-01-07; 1111111; DFW; CVG; 11:30; 13:47; 02:17; Y; 100; 0; Y; YHKMVQ;
AL; 204; 2009-01-01; 2009-01-07; 1111111; DFW; ORF; 11:30; 14:33; 03:03; Y; 100; 0; Y; YHKMVQ;
AL; 205; 2009-01-01; 2009-01-07; 1111111; DFW; ATL; 11:30; 13:39; 02:09; Y; 100; 0; Y; YHKMVQ;
AL; 206; 2009-01-01; 2009-01-07; 1111111; DFW; MSY; 11:30; 12:57; 01:27; Y; 100; 0; Y; YHKMVQ;
AL; 207; 2009-01-01; 2009-01-07; 1111111; DFW; STL; 11:30; 13:16; 01:46; Y; 100; 0; Y; YHKMVQ;
AL; 208; 2009-01-01; 2009-01-07; 1111111; DFW; TPA; 11:30; 14:01; 02:31; Y; 100; 0; Y; YHKMVQ;
AL; 209; 2009-01-01; 2009-01-07; 1111111; DFW; FOE; 11:30; 13:02; 01:32; Y; 100; 0; Y; YHKMVQ;
AL; 210; 2009-01-01; 2009-01-07; 1111111; DFW; MSP; 11:30; 13:52; 02:22; Y; 100; 0; Y; YHKMVQ;
AL; 211; 2009-01-01; 2009-01-07; 1111111; DFW; BTV; 15:00; 18:36; 03:36; Y; 100; 0; Y; YHKMVQ;
AL; 212; 2009-01-01; 2009-01-07; 1111111; DFW; UIN; 15:00; 16:50; 01:50; Y; 100; 0; Y; YHKMVQ;
AL; 213; 2009-01-01; 2009-01-07; 1111111; DFW; MKE; 15:00; 17:22; 02:22; Y; 100; 0; Y; YHKMVQ;
AL; 214; 2009-01-01; 2009-01-07; 1111111; DFW; DTW; 15:00; 17:39; 02:39; Y; 100; 0; Y; YHKMVQ;
AL; 215; 2009-01-01; 2009-01-07; 1111111; DFW; BOS; 15:00; 18:38; 03:38; Y; 100; 0; Y; YHKMVQ;
AL; 216; 2009-01-01; 2009-01-07; 1111111; DFW; EWR; 15:00; 18:22; 03:22; Y; 100; 0; Y; YHKMVQ;
AL; 217; 2009-01-01; 2009-01-07; 1111111; DFW; CLE; 15:00; 17:41; 02:41; Y; 100; 0; Y; YHKMVQ;
AL; 218; 2009-01-01; 2009-01-07; 1111111; DFW; ORD; 15:00; 17:16; 02:16; Y; 100; 0; Y; YHKMVQ;
AL; 219; 2009-01-01; 2009-01-07; 1111111; DFW; DAY; 15:00; 17:17; 02:17; Y; 100; 0; Y; YHKMVQ;
AL; 220; 2009-01-01; 2009-01-07; 1111111; DFW; PIT; 15:00; 17:46; 02:46; Y; 100; 0; Y; YHKMVQ;
AL; 221; 2009-01-01; 2009-01-07; 1111111; DFW; PHL; 15:00; 18:14; 03:14; Y; 100; 0; Y; YHKMVQ;
AL; 222; 2009-01-01; 2009-01-07; 1111111; DFW; CMI; 15:00; 17:03; 02:03; Y; 100; 0; Y; YHKMVQ;
AL; 223; 2009-01-01; 2009-01-07; 1111111; DFW; IAD; 15:00; 18:00; 03:00; Y; 100; 0; Y; YHKMVQ;
AL; 224; 2009-01-01; 2009-01-07; 1111111; DFW; CVG; 15:00; 17:17; 02:17; Y; 100; 0; Y; YHKMVQ;
AL; 225; 2009-01-01; 2009-01-07; 1111111; DFW; ORF; 15:00; 18:03; 03:03; Y; 100; 0; Y; YHKMVQ;
AL; 226; 2009-01-01; 2009-01-07; 1111111; DFW; ATL; 15:00; 17:09; 02:09; Y; 100; 0; Y; YHKMVQ;
AL; 227; 2009-01-01; 2009-01-07; 1111111; DFW; MSY; 15:00; 16:27; 01:27; Y; 100; 0; Y; YHKMVQ;
AL; 228; 2009-01-01; 2009-01-07; 1111111; DFW; STL; 15:00; 16:46; 01:46; Y; 100; 0; Y; YHKMVQ;
AL; 229; 2009-01-01; 2009-01-07; 1111111; DFW; TPA; 15:00; 17:31; 02:31; Y; 100; 0; Y; YHKMVQ;
AL; 230; 2009-01-01; 2009-01-07; 1111111; DFW; FOE; 15:00; 16:32; 01:32; Y; 100; 0; Y; YHKMVQ;
AL; 231; 2009-01-01; 2009-01-07; 1111111; DFW; MSP; 15:00; 17:22; 02:22; Y; 100; 0; Y; YHKMVQ;
AL; 232; 2009-01-01; 2009-01-07; 1111111; DFW; BTV; 18:30; 22:06; 03:36; Y; 100; 0; Y; YHKMVQ;
AL; 233; 2009-01-01; 2009-01-07; 1111111; DFW; UIN; 18:30; 20:20; 01:50; Y; 100; 0; Y; YHKMVQ;
AL; 234; 2009-01-01; 2009-01-07; 1111111; DFW; MKE; 18:30; 20:52; 02:22; Y; 100; 0; Y; YHKMVQ;
AL; 235; 2009-01-01; 2009-01-07; 1111111; DFW; DTW; 18:30; 21:09; 02:39; Y; 100; 0; Y; YHKMVQ;
AL; 236; 2009-01-01; 2009-01-07; 1111111; DFW; BOS; 18:30; 22:08; 03:38; Y; 100; 0; Y; YHKMVQ;
AL; 237; 2009-01-01; 2009-01-07; 1111111; DFW; EWR; 18:30; 21:52; 03:22; Y; 100; 0; Y; YHKMVQ;
AL; 238; 2009-01-01; 2009-01-07; 1111111; DFW; CLE; 18:30; 21:11; 02:41; Y; 100; 0; Y; YHKMVQ;
AL; 239; 2009-01-01; 2009-01-07; 1111111; DFW; ORD; 18:30; 20:46; 02:16; Y; 100; 0; Y; YHKMVQ;
AL; 240; 2009-01-01; 2009-01-07; 1111111; DFW; DAY; 18:30; 20:47; 02:17; Y; 100; 0; Y; YHKMVQ;
AL; 241; 2009-01-01; 2009-01-07; 1111111; DFW; PIT; 18:30; 21:16; 02:46; Y; 100; 0; Y; YHKMVQ;
AL; 242; 2009-01-01; 2009-01-07; 1111111; DFW; PHL; 18:30; 21:44; 03:14; Y; 100; 0; Y; YHKMVQ;
AL; 243; 2009-01-01; 2009-01-07; 1111111; DFW; CMI; 18:30; 20:33; 02:03; Y; 100; 0; Y; YHKMVQ;
AL; 244; 2009-01-01; 2009-01-07; 1111111; DFW; IAD; 18:30; 21:30; 03:00; Y; 100; 0; Y; YHKMVQ;
AL; 245; 2009-01-01; 2009-01-07; 1111111; DFW; CVG; 18:30; 20:47; 02:17; Y; 100; 0; Y; YHKMVQ;
AL; 246; 2009-01-01; 2009-01-07; 1111111; DFW; ORF; 18:30; 21:33; 03:03; Y; 100; 0; Y; YHKMVQ;
AL; 247; 2009-01-01; 2009-01-07; 1111111; DFW; ATL; 18:30; 20:39; 02:09; Y; 100; 0; Y; YHKMVQ;
AL; 248; 2009-01-01; 2009-01-07; 1111111; DFW; MSY; 18:30; 19:57; 01:27; Y; 100; 0; Y; YHKMVQ;
AL; 249; 2009-01-01; 2009-01-07; 1111111; DFW; STL; 18:30; 20:16; 01:46; Y; 100; 0; Y; YHKMVQ;
AL; 250; 2009-01-01; 2009-01-07; 1111111; DFW; TPA; 18:30; 21:01; 02:31; Y; 100; 0; Y; YHKMVQ;
AL; 251; 2009-01-01; 2009-01-07; 1111111; DFW; FOE; 18:30; 20:02; 01:32; Y; 100; 0; Y; YHKMVQ;
AL; 252; 2009-01-01; 2009-01-07; 1111111; DFW; MSP; 18:30; 20:52; 02:22; Y; 100; 0; Y; YHKMVQ;